{"cameraMode":{"drawMode":0,"name":"Shaded","section":"Shading Mode"},"sceneLighting":true,"audioPlay":false,"sceneViewState":{"showFog":true,"showMaterialUpdate":false,"showSkybox":true,"showFlares":true,"showImageEffects":true,"showParticleSystems":true},"in2DMode":false,"pivot":{"x":130.71575927734376,"y":107.18331909179688,"z":103.81657409667969},"rotation":{"x":0.013840878382325173,"y":0.8892043828964233,"z":-0.026959629729390146,"w":0.4565070569515228},"size":364.1836242675781,"orthographic":false}